Time(s),Initial_Profile,Profile_iter_1,Profile_iter_2,Profile_iter_3
0,-0.06301108232424979,-0.0990624594590157,-0.11740143317352114,-0.11971903887770818
1,-0.09434078538786372,-0.09434078538786372,-0.09434078538786372,-0.09434078538786372
2,-0.09492492852877432,-0.09492492852877432,-0.09492492852877432,-0.09492492852877432
3,-0.09550899077029273,-0.09550899077029273,-0.09550899077029273,-0.09550899077029273
4,-0.09609294618667452,-0.09609294618667452,-0.09609294618667452,-0.09609294618667452
5,-0.09667676885852106,-0.09667676885852106,-0.09667676885852106,-0.09667676885852106
6,-0.097260432874409,-0.097260432874409,-0.097260432874409,-0.097260432874409
7,-0.09784391233252099,-0.09784391233252099,-0.09784391233252099,-0.09784391233252099
8,-0.0984271813422739,-0.0984271813422739,-0.0984271813422739,-0.0984271813422739
9,-0.09901021402594845,-0.09901021402594845,-0.09901021402594845,-0.09901021402594845
10,-0.09959298452031562,-0.09959298452031562,-0.09959298452031562,-0.09959298452031562
11,-0.10017546697826374,-0.10017546697826374,-0.10017546697826374,-0.10017546697826374
12,-0.10075763557042328,-0.10075763557042328,-0.10075763557042328,-0.10075763557042328
13,-0.10133946448679199,-0.10133946448679199,-0.10133946448679199,-0.10133946448679199
14,-0.10192092793835617,-0.10192092793835617,-0.10192092793835617,-0.10192092793835617
15,-0.10250200015871269,-0.10250200015871269,-0.10250200015871269,-0.10250200015871269
16,-0.10308265540568884,-0.10308265540568884,-0.10308265540568884,-0.10308265540568884
17,-0.10366286796295965,-0.10366286796295965,-0.10366286796295965,-0.10366286796295965
18,-0.10424261214166464,-0.10424261214166464,-0.10424261214166464,-0.10424261214166464
19,-0.1048218622820214,-0.1048218622820214,-0.1048218622820214,-0.1048218622820214
20,-0.1054005927549383,-0.1054005927549383,-0.1054005927549383,-0.1054005927549383
21,-0.10597877796362443,-0.10597877796362443,-0.10597877796362443,-0.10597877796362443
22,-0.10655639234519776,-0.10655639234519776,-0.10655639234519776,-0.10655639234519776
23,-0.10713341037228952,-0.10713341037228952,-0.10713341037228952,-0.10713341037228952
24,-0.10770980655464812,-0.10770980655464812,-0.10770980655464812,-0.10770980655464812
25,-0.1082855554407397,-0.1082855554407397,-0.1082855554407397,-0.1082855554407397
26,-0.1088606316193449,-0.1088606316193449,-0.1088606316193449,-0.1088606316193449
27,-0.10943500972115494,-0.10943500972115494,-0.10943500972115494,-0.10943500972115494
28,-0.11000866442036283,-0.11000866442036283,-0.11000866442036283,-0.11000866442036283
29,-0.1105815704362525,-0.1105815704362525,-0.1105815704362525,-0.1105815704362525
30,-0.11115370253478529,-0.11115370253478529,-0.11115370253478529,-0.11115370253478529
31,-0.11172503553018132,-0.11172503553018132,-0.11172503553018132,-0.11172503553018132
32,-0.11229554428650068,-0.11229554428650068,-0.11229554428650068,-0.11229554428650068
33,-0.1128652037192176,-0.1128652037192176,-0.1128652037192176,-0.1128652037192176
34,-0.1134339887967939,-0.1134339887967939,-0.1134339887967939,-0.1134339887967939
35,-0.11400187454224675,-0.11400187454224675,-0.11400187454224675,-0.11400187454224675
36,-0.11456883603471446,-0.11456883603471446,-0.11456883603471446,-0.11456883603471446
37,-0.11513484841101651,-0.11513484841101651,-0.11513484841101651,-0.11513484841101651
38,-0.115699886867212,-0.115699886867212,-0.115699886867212,-0.115699886867212
39,-0.11626392666015062,-0.11626392666015062,-0.11626392666015062,-0.11626392666015062
40,-0.11682694310902386,-0.11682694310902386,-0.11682694310902386,-0.11682694310902386
41,-0.11738891159690679,-0.11738891159690679,-0.11738891159690679,-0.11738891159690679
42,-0.11794980757230078,-0.11794980757230078,-0.11794980757230078,-0.11794980757230078
43,-0.11850960655066645,-0.11850960655066645,-0.11850960655066645,-0.11850960655066645
44,-0.11906828411595627,-0.11906828411595627,-0.11906828411595627,-0.11906828411595627
45,-0.11962581592214105,-0.11962581592214105,-0.11962581592214105,-0.11962581592214105
46,-0.12018217769473005,-0.12018217769473005,-0.12018217769473005,-0.12018217769473005
47,-0.12073734523228741,-0.12073734523228741,-0.12073734523228741,-0.12073734523228741
48,-0.12129129440794506,-0.12129129440794506,-0.12129129440794506,-0.12129129440794506
49,-0.12184400117090777,-0.12184400117090777,-0.12184400117090777,-0.12184400117090777
50,-0.12239544154795434,-0.12239544154795434,-0.12239544154795434,-0.12239544154795434
51,-0.12294559164493346,-0.12294559164493346,-0.12294559164493346,-0.12294559164493346
52,-0.12349442764825447,-0.12349442764825447,-0.12349442764825447,-0.12349442764825447
53,-0.12404192582637075,-0.12404192582637075,-0.12404192582637075,-0.12404192582637075
54,-0.12458806253126042,-0.12458806253126042,-0.12458806253126042,-0.12458806253126042
55,-0.12513281419989852,-0.12513281419989852,-0.12513281419989852,-0.12513281419989852
56,-0.1256761573557248,-0.1256761573557248,-0.1256761573557248,-0.1256761573557248
57,-0.1262180686101051,-0.1262180686101051,-0.1262180686101051,-0.1262180686101051
58,-0.12675852466378756,-0.12675852466378756,-0.12675852466378756,-0.12675852466378756
59,-0.1272975023083509,-0.1272975023083509,-0.1272975023083509,-0.1272975023083509
60,-0.10643313758755801,-0.1014817100161568,-0.11457037784643309,-0.10759755532954407
61,-0.1283709299992437,-0.1283709299992437,-0.1283709299992437,-0.1283709299992437
62,-0.1289053340958427,-0.1289053340958427,-0.1289053340958427,-0.1289053340958427
63,-0.1294381678867148,-0.1294381678867148,-0.1294381678867148,-0.1294381678867148
64,-0.12996940863911344,-0.12996940863911344,-0.12996940863911344,-0.12996940863911344
65,-0.13049903371968297,-0.13049903371968297,-0.13049903371968297,-0.13049903371968297
66,-0.1310270205958648,-0.1310270205958648,-0.1310270205958648,-0.1310270205958648
67,-0.13155334683729225,-0.13155334683729225,-0.13155334683729225,-0.13155334683729225
68,-0.13207799011718246,-0.13207799011718246,-0.13207799011718246,-0.13207799011718246
69,-0.13260092821371605,-0.13260092821371605,-0.13260092821371605,-0.13260092821371605
70,-0.1331221390114149,-0.1331221390114149,-0.1331221390114149,-0.1331221390114149
71,-0.13364160050250806,-0.13364160050250806,-0.13364160050250806,-0.13364160050250806
72,-0.1341592907882948,-0.1341592907882948,-0.1341592907882948,-0.1341592907882948
73,-0.13467518808049506,-0.13467518808049506,-0.13467518808049506,-0.13467518808049506
74,-0.135189270702597,-0.135189270702597,-0.135189270702597,-0.135189270702597
75,-0.13570151709119427,-0.13570151709119427,-0.13570151709119427,-0.13570151709119427
76,-0.13621190579731568,-0.13621190579731568,-0.13621190579731568,-0.13621190579731568
77,-0.13672041548774772,-0.13672041548774772,-0.13672041548774772,-0.13672041548774772
78,-0.13722702494634953,-0.13722702494634953,-0.13722702494634953,-0.13722702494634953
79,-0.13773171307535803,-0.13773171307535803,-0.13773171307535803,-0.13773171307535803
80,-0.13823445889668717,-0.13823445889668717,-0.13823445889668717,-0.13823445889668717
81,-0.13873524155321726,-0.13873524155321726,-0.13873524155321726,-0.13873524155321726
82,-0.13923404031007602,-0.13923404031007602,-0.13923404031007602,-0.13923404031007602
83,-0.13973083455591384,-0.13973083455591384,-0.13973083455591384,-0.13973083455591384
84,-0.1402256038041666,-0.1402256038041666,-0.1402256038041666,-0.1402256038041666
85,-0.14071832769431303,-0.14071832769431303,-0.14071832769431303,-0.14071832769431303
86,-0.1412089859931216,-0.1412089859931216,-0.1412089859931216,-0.1412089859931216
87,-0.14169755859588962,-0.14169755859588962,-0.14169755859588962,-0.14169755859588962
88,-0.14218402552767417,-0.14218402552767417,-0.14218402552767417,-0.14218402552767417
89,-0.14266836694451157,-0.14266836694451157,-0.14266836694451157,-0.14266836694451157
90,-0.14315056313463193,-0.14315056313463193,-0.14315056313463193,-0.14315056313463193
91,-0.14363059451965932,-0.14363059451965932,-0.14363059451965932,-0.14363059451965932
92,-0.14410844165580872,-0.14410844165580872,-0.14410844165580872,-0.14410844165580872
93,-0.14458408523506838,-0.14458408523506838,-0.14458408523506838,-0.14458408523506838
94,-0.14505750608637724,-0.14505750608637724,-0.14505750608637724,-0.14505750608637724
95,-0.14552868517678974,-0.14552868517678974,-0.14552868517678974,-0.14552868517678974
96,-0.1459976036126326,-0.1459976036126326,-0.1459976036126326,-0.1459976036126326
97,-0.14646424264065272,-0.14646424264065272,-0.14646424264065272,-0.14646424264065272
98,-0.14692858364915362,-0.14692858364915362,-0.14692858364915362,-0.14692858364915362
99,-0.14739060816912408,-0.14739060816912408,-0.14739060816912408,-0.14739060816912408
100,-0.1478502978753553,-0.1478502978753553,-0.1478502978753553,-0.1478502978753553
101,-0.14830763458755059,-0.14830763458755059,-0.14830763458755059,-0.14830763458755059
102,-0.14876260027142096,-0.14876260027142096,-0.14876260027142096,-0.14876260027142096
103,-0.1492151770397765,-0.1492151770397765,-0.1492151770397765,-0.1492151770397765
104,-0.14966534715360214,-0.14966534715360214,-0.14966534715360214,-0.14966534715360214
105,-0.15011309302312636,-0.15011309302312636,-0.15011309302312636,-0.15011309302312636
106,-0.1505583972088801,-0.1505583972088801,-0.1505583972088801,-0.1505583972088801
107,-0.15100124242274293,-0.15100124242274293,-0.15100124242274293,-0.15100124242274293
108,-0.15144161152898084,-0.15144161152898084,-0.15144161152898084,-0.15144161152898084
109,-0.15187948754527247,-0.15187948754527247,-0.15187948754527247,-0.15187948754527247
110,-0.15231485364372632,-0.15231485364372632,-0.15231485364372632,-0.15231485364372632
111,-0.1527476931518853,-0.1527476931518853,-0.1527476931518853,-0.1527476931518853
112,-0.15317798955372286,-0.15317798955372286,-0.15317798955372286,-0.15317798955372286
113,-0.15360572649062687,-0.15360572649062687,-0.15360572649062687,-0.15360572649062687
114,-0.1540308877623724,-0.1540308877623724,-0.1540308877623724,-0.1540308877623724
115,-0.15445345732808635,-0.15445345732808635,-0.15445345732808635,-0.15445345732808635
116,-0.15487341930719734,-0.15487341930719734,-0.15487341930719734,-0.15487341930719734
117,-0.15529075798037806,-0.15529075798037806,-0.15529075798037806,-0.15529075798037806
118,-0.1557054577904743,-0.1557054577904743,-0.1557054577904743,-0.1557054577904743
119,-0.1561175033434239,-0.1561175033434239,-0.1561175033434239,-0.1561175033434239
120,-0.14043357287523905,-0.1653480498548754,-0.11827919133156939,-0.19765556511671456
121,-0.15693357092253135,-0.15693357092253135,-0.15693357092253135,-0.15693357092253135
122,-0.1573375629841386,-0.1573375629841386,-0.1573375629841386,-0.1573375629841386
123,-0.157738840861257,-0.157738840861257,-0.157738840861257,-0.157738840861257
124,-0.15813738998867544,-0.15813738998867544,-0.15813738998867544,-0.15813738998867544
125,-0.1585331959695504,-0.1585331959695504,-0.1585331959695504,-0.1585331959695504
126,-0.15892624457624704,-0.15892624457624704,-0.15892624457624704,-0.15892624457624704
127,-0.15931652175116706,-0.15931652175116706,-0.15931652175116706,-0.15931652175116706
128,-0.1597040136075628,-0.1597040136075628,-0.1597040136075628,-0.1597040136075628
129,-0.16008870643034612,-0.16008870643034612,-0.16008870643034612,-0.16008870643034612
130,-0.16047058667687653,-0.16047058667687653,-0.16047058667687653,-0.16047058667687653
131,-0.16084964097774612,-0.16084964097774612,-0.16084964097774612,-0.16084964097774612
132,-0.16122585613754636,-0.16122585613754636,-0.16122585613754636,-0.16122585613754636
133,-0.16159921913562791,-0.16159921913562791,-0.16159921913562791,-0.16159921913562791
134,-0.16196971712684338,-0.16196971712684338,-0.16196971712684338,-0.16196971712684338
135,-0.16233733744228274,-0.16233733744228274,-0.16233733744228274,-0.16233733744228274
136,-0.16270206758999406,-0.16270206758999406,-0.16270206758999406,-0.16270206758999406
137,-0.1630638952556942,-0.1630638952556942,-0.1630638952556942,-0.1630638952556942
138,-0.16342280830346323,-0.16342280830346323,-0.16342280830346323,-0.16342280830346323
139,-0.1637787947764332,-0.1637787947764332,-0.1637787947764332,-0.1637787947764332
140,-0.1641318428974583,-0.1641318428974583,-0.1641318428974583,-0.1641318428974583
141,-0.16203493817723547,-0.16203493817723547,-0.16203493817723547,-0.16203493817723547
142,-0.15993507209257551,-0.15993507209257551,-0.15993507209257551,-0.15993507209257551
143,-0.1578322334094162,-0.1578322334094162,-0.1578322334094162,-0.1578322334094162
144,-0.15572641107598761,-0.15572641107598761,-0.15572641107598761,-0.15572641107598761
145,-0.15361759422342125,-0.15361759422342125,-0.15361759422342125,-0.15361759422342125
146,-0.1515057721663512,-0.1515057721663512,-0.1515057721663512,-0.1515057721663512
147,-0.1493909344034986,-0.1493909344034986,-0.1493909344034986,-0.1493909344034986
148,-0.14727307061824557,-0.14727307061824557,-0.14727307061824557,-0.14727307061824557
149,-0.14515217067919695,-0.14515217067919695,-0.14515217067919695,-0.14515217067919695
150,-0.14302822464072762,-0.14302822464072762,-0.14302822464072762,-0.14302822464072762
151,-0.14090122274351924,-0.14090122274351924,-0.14090122274351924,-0.14090122274351924
152,-0.13877115541508234,-0.13877115541508234,-0.13877115541508234,-0.13877115541508234
153,-0.1366380132702678,-0.1366380132702678,-0.1366380132702678,-0.1366380132702678
154,-0.1345017871117632,-0.1345017871117632,-0.1345017871117632,-0.1345017871117632
155,-0.13236246793057838,-0.13236246793057838,-0.13236246793057838,-0.13236246793057838
156,-0.13022004690651678,-0.13022004690651678,-0.13022004690651678,-0.13022004690651678
157,-0.12807451540863501,-0.12807451540863501,-0.12807451540863501,-0.12807451540863501
158,-0.12592586499568836,-0.12592586499568836,-0.12592586499568836,-0.12592586499568836
159,-0.12377408741656504,-0.12377408741656504,-0.12377408741656504,-0.12377408741656504
160,-0.12051432522228889,-0.12051432522228889,-0.12051432522228889,-0.12051432522228889
161,-0.1155205277535678,-0.1155205277535678,-0.1155205277535678,-0.1155205277535678
162,-0.1105235795102657,-0.1105235795102657,-0.1105235795102657,-0.1105235795102657
163,-0.10552347300587306,-0.10552347300587306,-0.10552347300587306,-0.10552347300587306
164,-0.10052020094598457,-0.10052020094598457,-0.10052020094598457,-0.10052020094598457
165,-0.09551375622865232,-0.09551375622865232,-0.09551375622865232,-0.09551375622865232
166,-0.0905041319447315,-0.0905041319447315,-0.0905041319447315,-0.0905041319447315
167,-0.08549132137820559,-0.08549132137820559,-0.08549132137820559,-0.08549132137820559
168,-0.08047531800650487,-0.08047531800650487,-0.08047531800650487,-0.08047531800650487
169,-0.07622622870503037,-0.07622622870503037,-0.07622622870503037,-0.07622622870503037
170,-0.07205008751872455,-0.07205008751872455,-0.07205008751872455,-0.07205008751872455
171,-0.06787073512316966,-0.06787073512316966,-0.06787073512316966,-0.06787073512316966
172,-0.06368816577247327,-0.06368816577247327,-0.06368816577247327,-0.06368816577247327
173,-0.05950237391557034,-0.05950237391557034,-0.05950237391557034,-0.05950237391557034
174,-0.055313354196459885,-0.055313354196459885,-0.055313354196459885,-0.055313354196459885
175,-0.05112110145442761,-0.05112110145442761,-0.05112110145442761,-0.05112110145442761
176,-0.047765654610407826,-0.047765654610407826,-0.047765654610407826,-0.047765654610407826
177,-0.044446651920959646,-0.044446651920959646,-0.044446651920959646,-0.044446651920959646
178,-0.04112440190020328,-0.04112440190020328,-0.04112440190020328,-0.04112440190020328
179,-0.037798900170539884,-0.037798900170539884,-0.037798900170539884,-0.037798900170539884
180,-0.0026969865730961384,-0.05813186259634273,-0.04345144042243421,-0.006070003948851266
181,-0.03113812505526503,-0.03113812505526503,-0.03113812505526503,-0.03113812505526503
182,-0.02858898905250018,-0.02858898905250018,-0.02858898905250018,-0.02858898905250018
183,-0.026324228076979872,-0.026324228076979872,-0.026324228076979872,-0.026324228076979872
184,-0.024056196450295664,-0.024056196450295664,-0.024056196450295664,-0.024056196450295664
185,-0.021784890973961635,-0.021784890973961635,-0.021784890973961635,-0.021784890973961635
186,-0.01951030864635661,-0.01951030864635661,-0.01951030864635661,-0.01951030864635661
187,-0.017232446662787892,-0.017232446662787892,-0.017232446662787892,-0.017232446662787892
188,-0.01591783448441808,-0.01591783448441808,-0.01591783448441808,-0.01591783448441808
189,-0.014650141123547122,-0.014650141123547122,-0.014650141123547122,-0.014650141123547122
190,-0.013379160874641194,-0.013379160874641194,-0.013379160874641194,-0.013379160874641194
191,-0.012104891721089861,-0.012104891721089861,-0.012104891721089861,-0.012104891721089861
192,-0.010827331843327848,-0.010827331843327848,-0.010827331843327848,-0.010827331843327848
193,-0.009956117810157261,-0.009956117810157261,-0.009956117810157261,-0.009956117810157261
194,-0.009554985482551848,-0.009554985482551848,-0.009554985482551848,-0.009554985482551848
195,-0.009150558154077393,-0.009150558154077393,-0.009150558154077393,-0.009150558154077393
196,-0.008742834793048937,-0.008742834793048937,-0.008742834793048937,-0.008742834793048937
197,-0.00833181456460852,-0.00833181456460852,-0.00833181456460852,-0.00833181456460852
198,-0.00805459614963755,-0.00805459614963755,-0.00805459614963755,-0.00805459614963755
199,-0.008374112416943968,-0.008374112416943968,-0.008374112416943968,-0.008374112416943968
200,-0.008690330492333365,-0.008690330492333365,-0.008690330492333365,-0.008690330492333365
201,-0.009003250327292212,-0.009003250327292212,-0.009003250327292212,-0.009003250327292212
202,-0.00931287206958431,-0.00931287206958431,-0.00931287206958431,-0.00931287206958431
203,-0.009656451855692971,-0.009656451855692971,-0.009656451855692971,-0.009656451855692971
204,-0.010566923923694183,-0.010566923923694183,-0.010566923923694183,-0.010566923923694183
205,-0.01147409951841527,-0.01147409951841527,-0.01147409951841527,-0.01147409951841527
206,-0.012377979571095876,-0.012377979571095876,-0.012377979571095876,-0.012377979571095876
207,-0.013278565208369564,-0.013278565208369564,-0.013278565208369564,-0.013278565208369564
208,-0.014201979683027943,-0.014201979683027943,-0.014201979683027943,-0.014201979683027943
209,-0.015602191845581315,-0.015602191845581315,-0.015602191845581315,-0.015602191845581315
210,-0.016999114142765448,-0.016999114142765448,-0.016999114142765448,-0.016999114142765448
211,-0.01839274848049599,-0.01839274848049599,-0.01839274848049599,-0.01839274848049599
212,-0.01978309695887015,-0.01978309695887015,-0.01978309695887015,-0.01978309695887015
213,-0.021226646557278683,-0.021226646557278683,-0.021226646557278683,-0.021226646557278683
214,-0.023048419217456928,-0.023048419217456928,-0.023048419217456928,-0.023048419217456928
215,-0.02486691348076886,-0.02486691348076886,-0.02486691348076886,-0.02486691348076886
216,-0.026682132221083843,-0.026682132221083843,-0.026682132221083843,-0.026682132221083843
217,-0.02849407850491037,-0.02849407850491037,-0.02849407850491037,-0.02849407850491037
218,-0.03041269770201982,-0.03041269770201982,-0.03041269770201982,-0.03041269770201982
219,-0.03262183080982828,-0.03262183080982828,-0.03262183080982828,-0.03262183080982828
220,-0.03482770181297312,-0.03482770181297312,-0.03482770181297312,-0.03482770181297312
221,-0.03703031454491856,-0.03703031454491856,-0.03703031454491856,-0.03703031454491856
222,-0.03922967302990055,-0.03922967302990055,-0.03922967302990055,-0.03922967302990055
223,-0.04161313186736537,-0.04161313186736537,-0.04161313186736537,-0.04161313186736537
224,-0.04420883859779212,-0.04420883859779212,-0.04420883859779212,-0.04420883859779212
225,-0.04680130429442153,-0.04680130429442153,-0.04680130429442153,-0.04680130429442153
226,-0.049390533740334974,-0.049390533740334974,-0.049390533740334974,-0.049390533740334974
227,-0.05197653190719831,-0.05197653190719831,-0.05197653190719831,-0.05197653190719831
228,-0.05486059795780529,-0.05486059795780529,-0.05486059795780529,-0.05486059795780529
229,-0.057874520380383765,-0.057874520380383765,-0.057874520380383765,-0.057874520380383765
230,-0.06088522756559944,-0.06088522756559944,-0.06088522756559944,-0.06088522756559944
231,-0.06389272523457357,-0.06389272523457357,-0.06389272523457357,-0.06389272523457357
232,-0.06689701929450653,-0.06689701929450653,-0.06689701929450653,-0.06689701929450653
233,-0.07036891673356194,-0.07036891673356194,-0.07036891673356194,-0.07036891673356194
234,-0.07386424995641216,-0.07386424995641216,-0.07386424995641216,-0.07386424995641216
235,-0.07735639840284725,-0.07735639840284725,-0.07735639840284725,-0.07735639840284725
236,-0.08084536871887238,-0.08084536871887238,-0.08084536871887238,-0.08084536871887238
237,-0.08445734710149455,-0.08445734710149455,-0.08445734710149455,-0.08445734710149455
238,-0.08853140719840291,-0.08853140719840291,-0.08853140719840291,-0.08853140719840291
239,-0.09260231020006215,-0.09260231020006215,-0.09260231020006215,-0.09260231020006215
240,-0.08429153331005157,-0.12262317847440074,-0.09819349632427254,-0.10444061624438783
241,-0.10073467459998708,-0.10073467459998708,-0.10073467459998708,-0.10073467459998708
242,-0.10514323269689618,-0.10514323269689618,-0.10514323269689618,-0.10514323269689618
243,-0.10991756887750981,-0.10991756887750981,-0.10991756887750981,-0.10991756887750981
244,-0.11468878664111604,-0.11468878664111604,-0.11468878664111604,-0.11468878664111604
245,-0.11945689426040651,-0.11945689426040651,-0.11945689426040651,-0.11945689426040651
246,-0.12422190018548962,-0.12422190018548962,-0.12422190018548962,-0.12422190018548962
247,-0.12963804033923632,-0.12963804033923632,-0.12963804033923632,-0.12963804033923632
248,-0.13526750000864352,-0.13526750000864352,-0.13526750000864352,-0.13526750000864352
249,-0.14089388439149775,-0.14089388439149775,-0.14089388439149775,-0.14089388439149775
250,-0.14651720264035017,-0.14651720264035017,-0.14651720264035017,-0.14651720264035017
251,-0.1521412330253724,-0.1521412330253724,-0.1521412330253724,-0.1521412330253724
252,-0.15872648591699412,-0.15872648591699412,-0.15872648591699412,-0.15872648591699412
253,-0.1653087011716743,-0.1653087011716743,-0.1653087011716743,-0.1653087011716743
254,-0.17188788863230087,-0.17188788863230087,-0.17188788863230087,-0.17188788863230087
255,-0.178464058312369,-0.178464058312369,-0.178464058312369,-0.178464058312369
256,-0.18350853019717872,-0.18350853019717872,-0.18350853019717872,-0.18350853019717872
257,-0.18348868229268966,-0.18348868229268966,-0.18348868229268966,-0.18348868229268966
258,-0.18346584766355944,-0.18346584766355944,-0.18346584766355944,-0.18346584766355944
259,-0.1834400369974496,-0.1834400369974496,-0.1834400369974496,-0.1834400369974496
260,-0.18341126114844264,-0.18341126114844264,-0.18341126114844264,-0.18341126114844264
261,-0.06347638937850619,-0.06347638937850619,-0.06347638937850619,-0.06347638937850619
262,0.05646142540108001,0.05646142540108001,0.05646142540108001,0.05646142540108001
263,0.0835908074683277,0.08561193166977732,0.08734899732546031,0.08976272813249364
264,0.08359080746832781,0.08561193166977743,0.08734899732546042,0.08976272813249375
265,0.08359080746832759,0.08561193166977721,0.0873489973254602,0.08976272813249353
266,0.08359080746832792,0.08561193166977754,0.08734899732546053,0.08976272813249386
267,0.08359080746832781,0.08561193166977743,0.08734899732546042,0.08976272813249375
268,0.0835908074683277,0.08561193166977732,0.08734899732546031,0.08976272813249364
269,0.08359080746832792,0.08561193166977732,0.08734899732546053,0.08976272813249409
270,0.08359080746832781,0.08561193166977721,0.08734899732546042,0.08976272813249397
271,0.0835908074683277,0.0856119316697771,0.08734899732546031,0.08976272813249386
272,0.08359080746832781,0.08561193166977721,0.08734899732546042,0.08976272813249397
273,0.08359080746832781,0.08561193166977721,0.08734899732546042,0.08976272813249397
274,0.08359080746832792,0.08561193166977732,0.08734899732546053,0.08976272813249409
275,0.08359080746832781,0.08561193166977721,0.08734899732546042,0.08976272813249397
276,0.08359080746832781,0.08561193166977721,0.08734899732546042,0.08976272813249397
277,0.08359080746832781,0.08561193166977721,0.08734899732546042,0.08976272813249397
278,0.08359080746832781,0.08561193166977721,0.08734899732546042,0.08976272813249397
279,0.08359080746832803,0.08561193166977721,0.08734899732546064,0.08976272813249397
280,0.08359080746832803,0.08561193166977721,0.08734899732546064,0.08976272813249397
281,0.08359080746832781,0.08561193166977721,0.08734899732546042,0.08976272813249397
282,0.08359080746832803,0.08561193166977721,0.08734899732546064,0.08976272813249397
283,0.08359080746832803,0.08561193166977721,0.08734899732546064,0.08976272813249397
284,0.08359080746832781,0.08561193166977721,0.08734899732546042,0.08976272813249397
285,0.08359080746832781,0.08561193166977721,0.08734899732546042,0.08976272813249397
286,0.08359080746832781,0.08561193166977721,0.08734899732546042,0.08976272813249397
287,0.08359080746832803,0.08561193166977721,0.08734899732546064,0.08976272813249397
288,0.08359080746832803,0.08561193166977721,0.08734899732546064,0.08976272813249397
289,0.08359080746832781,0.08561193166977721,0.08734899732546042,0.08976272813249397
290,0.08359080746832781,0.08561193166977721,0.08734899732546042,0.08976272813249397
291,0.08359080746832781,0.08561193166977721,0.08734899732546042,0.08976272813249397
292,0.08359080746832781,0.08561193166977721,0.08734899732546042,0.08976272813249397
293,0.08359080746832781,0.08561193166977721,0.08734899732546042,0.08976272813249397
294,0.08359080746832781,0.08561193166977721,0.08734899732546042,0.08976272813249397
295,0.08359080746832781,0.08561193166977721,0.08734899732546042,0.08976272813249397
296,0.08359080746832781,0.08561193166977721,0.08734899732546042,0.08976272813249397
297,0.08359080746832781,0.08561193166977721,0.08734899732546042,0.08976272813249397
298,0.08359080746832781,0.08561193166977721,0.08734899732546042,0.08976272813249397
299,0.08359080746832781,0.08561193166977721,0.08734899732546042,0.08976272813249397
300,0.08359080746832781,0.08561193166977732,0.08734899732546042,0.08976272813249397
301,0.08359080746832792,0.08561193166977732,0.08734899732546053,0.08976272813249409
302,0.08359080746832781,0.08561193166977721,0.08734899732546042,0.08976272813249397
303,0.08359080746832781,0.08561193166977721,0.08734899732546042,0.08976272813249397
304,0.08359080746832781,0.08561193166977721,0.08734899732546042,0.08976272813249397
305,0.0835908074683277,0.0856119316697771,0.08734899732546031,0.08976272813249386
306,0.08359080746832781,0.08561193166977721,0.08734899732546042,0.08976272813249397
307,0.08359080746832781,0.08561193166977721,0.08734899732546042,0.08976272813249397
308,0.08359080746832781,0.08561193166977721,0.08734899732546042,0.08976272813249397
309,0.08359080746832792,0.08561193166977732,0.08734899732546053,0.08976272813249409
310,0.0835908074683277,0.0856119316697771,0.08734899732546031,0.08976272813249386
311,0.08359080746832781,0.08561193166977721,0.08734899732546042,0.08976272813249397
312,0.08359080746832792,0.08561193166977732,0.08734899732546053,0.08976272813249409
313,0.08359080746832781,0.08561193166977721,0.08734899732546042,0.08976272813249397
314,0.08359080746832781,0.08561193166977721,0.08734899732546042,0.08976272813249397
315,0.0835908074683277,0.0856119316697771,0.08734899732546031,0.08976272813249386
316,0.08359080746832792,0.08561193166977732,0.08734899732546053,0.08976272813249409
317,0.08359080746832781,0.08561193166977721,0.08734899732546042,0.08976272813249397
318,0.08359080746832792,0.08561193166977732,0.08734899732546053,0.08976272813249409
319,0.0835908074683277,0.0856119316697771,0.08734899732546031,0.08976272813249386
320,0.08359080746832781,0.08561193166977721,0.08734899732546042,0.08976272813249397
321,0.08359080746832803,0.08561193166977721,0.08734899732546064,0.08976272813249397
322,0.0835908074683277,0.08561193166977732,0.08734899732546031,0.08976272813249364
323,0.0835908074683277,0.08561193166977732,0.08734899732546031,0.08976272813249364
324,0.08359080746832759,0.08561193166977721,0.0873489973254602,0.08976272813249353
325,0.08359080746832803,0.08561193166977765,0.08734899732546064,0.08976272813249397
326,0.0835908074683277,0.08561193166977732,0.08734899732546031,0.08976272813249364
327,0.08359080746832781,0.08561193166977743,0.08734899732546042,0.08976272813249375
328,0.08359080746832803,0.08561193166977765,0.08734899732546064,0.08976272813249397
329,0.08359080746832781,0.08561193166977743,0.08734899732546042,0.08976272813249375
330,0.08359080746832792,0.08561193166977754,0.08734899732546053,0.08976272813249386
331,0.08359080746832781,0.08561193166977743,0.08734899732546042,0.08976272813249375
332,0.0835908074683277,0.08561193166977732,0.08734899732546031,0.08976272813249364
333,0.0835908074683277,0.08561193166977732,0.08734899732546031,0.08976272813249364
334,0.08359080746832781,0.08561193166977751,0.08734899732546042,0.08976272813249375
335,0.08359080746832759,0.08561193166977737,0.0873489973254602,0.08976272813249353
336,0.0835908074683277,0.08561193166977754,0.08734899732546031,0.08976272813249364
337,0.08359080746832759,0.08561193166977732,0.08734899732546028,0.08976272813249353
338,0.08359080746832759,0.08561193166977721,0.08734899732546036,0.08976272813249353
339,0.08359080746832792,0.08561193166977721,0.0873489973254602,0.08976272813249384
340,0.08359080746832781,0.0856119316697771,0.08734899732546053,0.0897627281324937
341,0.0835908074683277,0.08561193166977721,0.08734899732546042,0.08976272813249353
342,0.08359080746832798,0.08561193166977715,0.08734899732546036,0.08976272813249381
343,0.08359080746832787,0.08561193166977715,0.08734899732546048,0.08976272813249392
344,0.0835908074683277,0.08561193166977732,0.08734899732546031,0.08976272813249409
345,0.08359080746832781,0.0856119316697771,0.08734899732546053,0.08976272813249397
346,0.08359080746832792,0.0856119316697771,0.08734899732546053,0.08976272813249386
347,0.08359080746832781,0.08561193166977721,0.08734899732546042,0.08976272813249397
348,0.08359080746832781,0.08561193166977721,0.08734899732546042,0.08976272813249397
349,0.08359080746832792,0.08561193166977732,0.08734899732546031,0.08976272813249409
350,0.08359080746832781,0.08561193166977721,0.08734899732546042,0.08976272813249397
351,0.08359080746832781,0.08561193166977721,0.08734899732546042,0.08976272813249397
352,0.08359080746832792,0.0856119316697771,0.08734899732546031,0.08976272813249409
353,0.08359080746832781,0.08561193166977721,0.08734899732546042,0.08976272813249397
354,0.08359080746832781,0.08561193166977721,0.08734899732546042,0.08976272813249397
355,0.08359080746832803,0.08561193166977721,0.08734899732546064,0.08976272813249397
356,0.08359080746832781,0.08561193166977721,0.08734899732546042,0.08976272813249397
357,0.08359080746832781,0.08561193166977721,0.08734899732546042,0.08976272813249397
358,0.08359080746832792,0.08561193166977732,0.08734899732546053,0.08976272813249409
359,0.08359080746832792,0.08561193166977732,0.08734899732546053,0.08976272813249409
360,0.08359080746832781,0.08561193166977721,0.08734899732546064,0.08976272813249397
361,0.0835908074683277,0.0856119316697771,0.08734899732546031,0.08976272813249386
362,0.08359080746832781,0.08561193166977721,0.08734899732546042,0.08976272813249397
363,0.08359080746832781,0.08561193166977721,0.08734899732546064,0.08976272813249397
364,0.0835908074683277,0.0856119316697771,0.08734899732546031,0.08976272813249386
365,0.08359080746832792,0.08561193166977732,0.08734899732546053,0.08976272813249409
366,0.08359080746832781,0.08561193166977721,0.08734899732546064,0.08976272813249397
367,0.08359080746832803,0.08561193166977721,0.08734899732546064,0.08976272813249397
368,0.08359080746832803,0.08561193166977721,0.08734899732546064,0.08976272813249397
369,0.08359080746832803,0.08561193166977721,0.08734899732546064,0.08976272813249397
370,0.08359080746832803,0.08561193166977721,0.08734899732546064,0.08976272813249397
371,0.08359080746832803,0.08561193166977721,0.08734899732546064,0.08976272813249397
372,0.08359080746832792,0.08561193166977732,0.08734899732546053,0.08976272813249409
373,0.08359080746832781,0.08561193166977721,0.08734899732546042,0.08976272813249397
374,0.0835908074683277,0.0856119316697771,0.08734899732546031,0.08976272813249386
375,0.08359080746832792,0.08561193166977732,0.08734899732546053,0.08976272813249409
376,0.0835908074683277,0.0856119316697771,0.08734899732546031,0.08976272813249386
377,0.08359080746832792,0.08561193166977732,0.08734899732546053,0.08976272813249409
378,0.08359080746832781,0.08561193166977721,0.08734899732546042,0.08976272813249397
379,0.08359080746832781,0.08561193166977721,0.08734899732546042,0.08976272813249397
380,0.0835908074683277,0.0856119316697771,0.08734899732546031,0.08976272813249386
381,0.08359080746832803,0.08561193166977721,0.08734899732546064,0.08976272813249397
382,0.08359080746832803,0.0856119316697771,0.08734899732546064,0.08976272813249397
383,0.08359080746832792,0.08561193166977732,0.08734899732546053,0.08976272813249409
384,0.08359080746832781,0.08561193166977721,0.08734899732546042,0.08976272813249397
385,0.08359080746832792,0.08561193166977732,0.08734899732546053,0.08976272813249409
386,0.0835908074683277,0.0856119316697771,0.08734899732546031,0.08976272813249386
387,0.0835908074683277,0.0856119316697771,0.08734899732546031,0.08976272813249403
388,0.08359080746832803,0.08561193166977721,0.08734899732546064,0.08976272813249397
389,0.08359080746832781,0.08561193166977721,0.08734899732546042,0.08976272813249397
390,0.08359080746832803,0.08561193166977721,0.08734899732546064,0.08976272813249397
391,0.08359080746832803,0.08561193166977721,0.08734899732546042,0.08976272813249397
392,0.08359080746832803,0.08561193166977721,0.08734899732546042,0.08976272813249397
393,0.08359080746832781,0.08561193166977721,0.08734899732546042,0.08976272813249397
394,0.08359080746832781,0.08561193166977721,0.08734899732546042,0.08976272813249397
395,0.08359080746832781,0.08561193166977721,0.08734899732546042,0.08976272813249397
396,0.08359080746832781,0.08561193166977721,0.08734899732546042,0.08976272813249397
397,0.08359080746832781,0.08561193166977726,0.08734899732546053,0.08976272813249386
398,0.0835908074683277,0.0856119316697771,0.08734899732546042,0.08976272813249397
399,0.0835908074683277,0.0856119316697771,0.08734899732546042,0.08976272813249403
400,0.08359080746832803,0.08561193166977721,0.08734899732546031,0.08976272813249397
401,0.08359080746832781,0.08561193166977721,0.08734899732546042,0.08976272813249397
402,0.08359080746832803,0.08561193166977721,0.08734899732546042,0.08976272813249409
403,0.08359080746832781,0.08561193166977721,0.08734899732546042,0.08976272813249397
404,0.08359080746832781,0.08561193166977721,0.08734899732546042,0.08976272813249397
405,0.08359080746832803,0.08561193166977721,0.08734899732546064,0.08976272813249397
406,0.08359080746832781,0.08561193166977721,0.08734899732546042,0.08976272813249397
407,0.08359080746832781,0.08561193166977721,0.08734899732546064,0.08976272813249397
408,0.08359080746832781,0.08561193166977721,0.08734899732546064,0.08976272813249397
409,0.08359080746832781,0.08561193166977721,0.08734899732546042,0.08976272813249397
410,0.08359080746832781,0.08561193166977721,0.08734899732546064,0.08976272813249397
411,0.08359080746832781,0.08561193166977721,0.08734899732546042,0.08976272813249397
412,0.08359080746832781,0.08561193166977721,0.08734899732546042,0.08976272813249397
413,0.13570474124353327,0.08561193166977721,0.08734899732546042,0.08976272813249397
414,0.2393778914900211,0.11068571338715372,0.08734899732546042,0.08976272813249397
415,0.3430510732143417,0.2146664822750879,0.08734899732546064,0.08976272813249397
416,0.38146478421171226,0.26991174001104046,0.17398323624384915,0.0897627281324942
417,0.31593302551352975,0.24092049515642655,0.1545161497444083,0.08976272813249375
418,0.25040123495684385,0.21192921844330925,0.1350490313864643,0.08976272813249397
419,0.18486939153625248,0.1829378888662867,0.11500019112345594,0.0897627281324942
420,0.12695370574376508,0.18095469144979104,0.09303888076032507,0.08976272813249375
421,0.11111246003695396,0.13810128052536497,0.12810485231936974,0.08976272813249397
422,0.10746500165215078,0.13316131331869796,0.17005553264816164,0.09172713811802113
423,0.1038174069549831,0.1282212097996671,0.20110080833794175,0.13381339477392418
424,0.10574507823806378,0.1270235854158135,0.19630590146982074,0.17589949440600838
425,0.10920816349295759,0.1293055450619811,0.19130032722957235,0.20708014803936825
426,0.11264037063565047,0.13155662659594758,0.18603007975978536,0.20200514231528555
427,0.11621665048514163,0.1338074893567338,0.18450224967581397,0.19690216137687022
428,0.1265518777871597,0.14167992170347943,0.18693226244200534,0.19179894121533025
429,0.13688684548510133,0.15092964078811177,0.18936201560412003,0.19043809760870944
430,0.14722153326844611,0.16017907995814773,0.1917914888516381,0.19303505616078032
431,0.15973391370361867,0.1704669461851167,0.19984247075498796,0.19563171455959716
432,0.17584801180060627,0.18557443068655677,0.20910944304886825,0.19822805263979104
433,0.19196176948830646,0.2006815747787094,0.21819302379150263,0.2061766027332601
434,0.20807516675217608,0.21578835844703081,0.22834700482275805,0.2154503948774804
435,0.228177184496396,0.2340683149663041,0.243657530141274,0.22472380666085523
436,0.24967977283831844,0.25462493497479066,0.25896765524085774,0.2350675789377492
437,0.2711642247929089,0.2751634185959453,0.2742773603437494,0.250567855866058
438,0.2930916269344229,0.2955455644877899,0.29266782861724816,0.26606769310162814
439,0.3189587402873981,0.3205091796354391,0.3131504654400423,0.28141370615226324
440,0.3448253748062129,0.345472315948928,0.3336326234286757,0.2998279671034212
441,0.31034670992759383,0.3100901528649831,0.2938925758567431,0.2601739923652908
442,0.278249208203986,0.27670173622220284,0.25873393921409327,0.22051949999495135
443,0.24761326912340076,0.24518669033420348,0.2235747656723729,0.18098756456240872
444,0.21686751594596276,0.2135618303493524,0.18824151987740567,0.1460370016153465
445,0.18633235553214011,0.18193639520280258,0.15484119647677774,0.11088903066558153
446,0.15895286075570914,0.15365204708850555,0.12345610128679985,0.08976272813249397
447,0.1315727529253221,0.12539934079892223,0.09207039304286602,0.08976272813249397
448,0.10409272125232061,0.09704671066672399,0.08734899732546064,0.08976272813249397
449,0.0835908074683277,0.0856119316697771,0.08734899732546031,0.08976272813249409
450,0.0835908074683277,0.0856119316697771,0.08734899732546042,0.08976272813249397
451,0.08359080746832781,0.0856119316697771,0.08734899732546053,0.08976272813249386
452,0.08359080746832781,0.08561193166977732,0.08734899732546031,0.08976272813249397
453,0.08359080746832781,0.08561193166977721,0.08734899732546031,0.08976272813249409
454,0.08359080746832792,0.0856119316697771,0.08734899732546031,0.08976272813249386
455,0.0835908074683277,0.08561193166977721,0.08734899732546053,0.08976272813249386
456,0.08359080746832781,0.08561193166977726,0.08734899732546064,0.08976272813249386
457,0.08359080746832781,0.08561193166977715,0.08734899732546031,0.08976272813249409
458,0.08359080746832787,0.08561193166977726,0.08734899732546042,0.08976272813249397
459,0.08359080746832775,0.08561193166977726,0.0873489973254607,0.08976272813249386
460,0.0835908074683277,0.08561193166977715,0.08734899732546036,0.08976272813249397
461,0.08359080746832781,0.08561193166977726,0.08734899732546048,0.08976272813249403
462,0.08359080746832775,0.08561193166977732,0.08734899732546048,0.08976272813249392
463,0.08359080746832787,0.08561193166977721,0.08734899732546059,0.08976272813249403
464,0.08359080746832792,0.08561193166977732,0.08734899732546048,0.08976272813249403
465,0.08359080746832792,0.0856119316697771,0.08734899732546053,0.08976272813249392
466,0.08359080746832775,0.08561193166977732,0.08734899732546064,0.08976272813249403
467,0.08359080746832787,0.08561193166977715,0.08734899732546053,0.08976272813249386
468,0.08359080746832775,0.08561193166977721,0.08734899732546031,0.08976272813249397
469,0.08359080746832787,0.08561193166977726,0.08734899732546031,0.08976272813249386
470,0.08359080746832787,0.0856119316697771,0.08734899732546059,0.08976272813249386
471,0.0835908074683277,0.08561193166977721,0.08734899732546042,0.08976272813249386
472,0.08359080746832775,0.08561193166977712,0.0873489973254607,0.08976272813249392
473,0.08359080746832784,0.08561193166977732,0.08734899732546031,0.08976272813249397
474,0.08359080746832792,0.08561193166977721,0.08734899732546064,0.08976272813249403
475,0.08359080746832781,0.08561193166977712,0.08734899732546034,0.08976272813249409
476,0.0835908074683277,0.08561193166977724,0.08734899732546053,0.08976272813249397
477,0.08359080746832787,0.08561193166977726,0.08734899732546042,0.08976272813249389
478,0.08359080746832775,0.08561193166977726,0.08734899732546056,0.08976272813249386
479,0.08359080746832809,0.08561193166977724,0.08734899732546045,0.08976272813249397
480,0.0835908074683277,0.08561193166977729,0.0873489973254607,0.08976272813249389
481,0.08359080746832775,0.08561193166977732,0.08734899732546048,0.089762728132494
482,0.08359080746832781,0.08561193166977712,0.08734899732546067,0.08976272813249403
483,0.08359080746832807,0.08561193166977715,0.0873489973254605,0.08976272813249403
484,0.0835908074683279,0.08561193166977724,0.08734899732546053,0.089762728132494
485,0.08359080746832803,0.08561193166977724,0.08734899732546056,0.08976272813249406
486,0.0835908074683277,0.08561193166977724,0.08734899732546059,0.08976272813249409
487,0.08359080746832809,0.08561193166977722,0.08734899732546067,0.08976272813249389
488,0.08359080746832773,0.08561193166977714,0.08734899732546067,0.08976272813249392
489,0.08359080746832803,0.08561193166977728,0.08734899732546067,0.089762728132494
490,0.08359080746832812,0.08561193166977732,0.08734899732546055,0.08976272813249389
491,0.08359080746832785,0.08561193166977718,0.08734899732546035,0.089762728132494
492,0.08359080746832775,0.08561193166977707,0.0873489973254606,0.08976272813249388
493,0.08359080746832766,0.08561193166977718,0.08734899732546063,0.0897627281324939
494,0.08359080746832784,0.08561193166977722,0.08734899732546038,0.08976272813249404
495,0.08359080746832784,0.08561193166977706,0.08734899732546039,0.08976272813249396
496,0.08359080746832773,0.08561193166977724,0.0873489973254605,0.08976272813249404
497,0.08359080746832773,0.08561193166977718,0.08734899732546043,0.08976272813249393
498,0.08359080746832787,0.08561193166977717,0.08734899732546038,0.08976272813249406
499,0.08359080746832778,0.0856119316697772,0.08734899732546032,0.08976272813249399
500,0.08359080746832794,0.08561193166977722,0.08734899732546027,0.08976272813249393
501,0.08359080746832785,0.08561193166977724,0.08734899732546038,0.08976272813249399
502,0.08359080746832784,0.08561193166977724,0.0873489973254603,0.08976272813249404
503,0.08359080746832784,0.08561193166977725,0.0873489973254604,0.08976272813249392
504,0.08359080746832781,0.08561193166977717,0.08734899732546043,0.08976272813249406
505,0.08359080746832769,0.0856119316697772,0.08734899732546056,0.08976272813249407
506,0.08359080746832784,0.08561193166977714,0.08734899732546046,0.08976272813249397
507,0.08359080746832774,0.08561193166977724,0.08734899732546038,0.08976272813249389
508,0.0835908074683279,0.08561193166977721,0.08734899732546035,0.08976272813249407
509,0.08359080746832778,0.08561193166977724,0.0873489973254604,0.08976272813249399
510,0.08359080746832777,0.08561193166977722,0.08734899732546049,0.08976272813249411
511,0.08359080746832771,0.08561193166977712,0.08734899732546039,0.08976272813249409
512,0.08359080746832778,0.0856119316697771,0.08734899732546043,0.08976272813249393
513,0.08359080746832784,0.08561193166977715,0.08734899732546043,0.08976272813249396
514,0.08359080746832795,0.08561193166977739,0.0873489973254604,0.0897627281324939
515,0.08359080746832807,0.0856119316697775,0.08734899732546048,0.08976272813249406
516,0.08359080746832763,0.08561193166977757,0.08734899732546038,0.08976272813249395
517,0.08359080746832775,0.08561193166977746,0.0873489973254605,0.08976272813249407
518,0.08359080746832782,0.08561193166977726,0.08734899732546049,0.08976272813249395
519,0.08359080746832775,0.08561193166977724,0.08734899732546039,0.08976272813249402
520,0.08359080746832777,0.08561193166977732,0.0873489973254604,0.08976272813249384
521,0.0835908074683279,0.0856119316697773,0.08734899732546055,0.08976272813249407
522,0.08359080746832766,0.08561193166977707,0.0873489973254604,0.08976272813249385
523,0.08359080746832782,0.08561193166977711,0.08734899732546055,0.08976272813249404
524,0.08359080746832778,0.08561193166977707,0.08734899732546053,0.08976272813249404
525,0.08359080746832766,0.0856119316697772,0.08734899732546048,0.08976272813249397
526,0.0835908074683278,0.08561193166977728,0.08734899732546053,0.08976272813249402
527,0.08359080746832781,0.0856119316697772,0.0873489973254605,0.089762728132494
528,0.08359080746832795,0.0856119316697771,0.08734899732546048,0.08976272813249406
529,0.08359080746832788,0.08561193166977714,0.08734899732546064,0.0897627281324939
530,0.08359080746832795,0.08561193166977717,0.0873489973254607,0.08976272813249403
531,0.0835908074683281,0.08561193166977725,0.08734899732546031,0.089762728132494
532,0.08359080746832782,0.08561193166977725,0.08734899732546055,0.089762728132494
533,0.08359080746832778,0.08561193166977729,0.08734899732546034,0.08976272813249403
534,0.0835908074683278,0.08561193166977714,0.08734899732546036,0.08976272813249403
535,0.08359080746832771,0.0856119316697773,0.08734899732546039,0.15604136017233317
536,0.08359080746832766,0.08561193166977742,0.12058854164811689,0.21434906107461946
537,0.08359080746832802,0.0856119316697774,0.10859537482188227,0.19923583973894762
538,0.08359080746832767,0.08561193166977718,0.0982174511380132,0.18412082475581315
539,0.08359080746832792,0.0856119316697772,0.08793068597658202,0.16900401034575216
540,0.0835908074683277,0.08561193166977708,0.08734899732546025,0.14850396122375897
541,0.08359080746832769,0.08561193166977703,0.08734899732546059,0.14174169846635104
542,0.08359080746832766,0.08561193166977714,0.08734899732546045,0.1274751731800809
543,0.08359080746832763,0.08561193166977717,0.08734899732546025,0.1146193694285203
544,0.08359080746832784,0.08561193166977717,0.08734899732546035,0.10219618998659134
545,0.08359080746832787,0.08561193166977729,0.08734899732546059,0.08976272813249381
546,0.08359080746832773,0.08561193166977721,0.08734899732546032,0.08976272813249388
547,0.08359080746832778,0.08561193166977732,0.08734899732546052,0.08976272813249404
548,0.08359080746832773,0.08561193166977722,0.08734899732546035,0.08976272813249378
549,0.08359080746832771,0.08561193166977725,0.08734899732546046,0.08976272813249395
550,0.0835908074683278,0.08561193166977728,0.08734899732546034,0.08976272813249399
551,0.08359080746832785,0.08561193166977724,0.08734899732546039,0.08976272813249403
552,0.08359080746832788,0.08561193166977724,0.08734899732546035,0.08976272813249409
553,0.08359080746832787,0.08561193166977721,0.08734899732546043,0.0897627281324938
554,0.0835908074683279,0.08561193166977718,0.08734899732546074,0.08976272813249388
555,0.0835908074683277,0.08561193166977714,0.0873489973254604,0.08976272813249395
556,0.08359080746832773,0.08561193166977717,0.08734899732546036,0.08976272813249402
557,0.08359080746832781,0.0856119316697772,0.08734899732546032,0.08976272813249392
558,0.08359080746832791,0.08561193166977712,0.08734899732546034,0.08976272813249393
559,0.08359080746832792,0.08561193166977725,0.08734899732546043,0.08976272813249399
560,0.08359080746832781,0.0856119316697773,0.08734899732546059,0.08976272813249404
561,0.08359080746832778,0.08561193166977711,0.08734899732546056,0.08976272813249395
562,0.08359080746832774,0.08561193166977717,0.08734899732546053,0.08976272813249392
563,0.08359080746832792,0.0856119316697772,0.08734899732546034,0.08976272813249389
564,0.08359080746832775,0.08561193166977711,0.08734899732546063,0.08976272813249386
565,0.08359080746832787,0.08561193166977721,0.0873489973254607,0.08976272813249386
566,0.0835908074683279,0.08561193166977712,0.0873489973254605,0.08976272813249395
567,0.08359080746832771,0.08561193166977711,0.08734899732546074,0.0897627281324939
568,0.08359080746832782,0.0856119316697773,0.08734899732546048,0.08976272813249399
569,0.08359080746832771,0.0856119316697773,0.08734899732546039,0.08976272813249392
570,0.0835908074683279,0.08561193166977728,0.08734899732546034,0.08976272813249388
571,0.08359080746832788,0.0856119316697772,0.08734899732546046,0.08976272813249395
572,0.08359080746832791,0.0856119316697772,0.08734899732546061,0.08976272813249406
573,0.08359080746832774,0.08561193166977712,0.08734899732546074,0.08976272813249395
574,0.08359080746832771,0.08561193166977732,0.08734899732546043,0.08976272813249409
575,0.0835908074683278,0.08561193166977726,0.08734899732546038,0.089762728132494
576,0.0835908074683279,0.0856119316697771,0.0873489973254604,0.08976272813249396
577,0.08359080746832788,0.08561193166977717,0.08734899732546042,0.08976272813249399
578,0.08359080746832782,0.08561193166977712,0.08734899732546032,0.08976272813249389
579,0.08359080746832777,0.08561193166977724,0.08734899732546066,0.08976272813249397
580,0.0835908074683277,0.08561193166977715,0.08734899732546032,0.08976272813249404
581,0.08359080746832787,0.08561193166977729,0.08734899732546043,0.08976272813249393
582,0.08359080746832778,0.08561193166977718,0.08734899732546056,0.08976272813249402
583,0.0835908074683279,0.08561193166977732,0.08734899732546043,0.08976272813249388
584,0.08359080746832787,0.08561193166977726,0.08734899732546057,0.089762728132494
585,0.08359080746832775,0.0856119316697772,0.08734899732546068,0.08976272813249389
586,0.0835908074683278,0.08561193166977728,0.08734899732546031,0.08976272813249396
587,0.08359080746832785,0.0856119316697773,0.08734899732546034,0.08976272813249396
588,0.08359080746832791,0.0856119316697773,0.08734899732546057,0.08976272813249396
589,0.08359080746832791,0.08561193166977711,0.08734899732546035,0.08976272813249393
590,0.0835908074683279,0.08561193166977729,0.08734899732546032,0.08976272813249389
591,0.0835908074683279,0.0856119316697773,0.08734899732546031,0.08976272813249388
592,0.08359080746832784,0.0856119316697773,0.08734899732546074,0.08976272813249407
593,0.08359080746832787,0.08561193166977722,0.08734899732546061,0.08976272813249396
594,0.08359080746832787,0.08561193166977724,0.08734899732546061,0.08976272813249395
595,0.08359080746832791,0.08561193166977724,0.08734899732546061,0.08976272813249396
596,0.08359080746832782,0.08561193166977728,0.08734899732546063,0.08976272813249395
597,0.0835908074683279,0.0856119316697772,0.08734899732546053,0.08976272813249406
598,0.08359080746832775,0.08561193166977726,0.08734899732546059,0.08976272813249386
599,0.08359080746832784,0.08561193166977711,0.08734899732546043,0.08976272813249393
600,0.08359080746832781,0.0856119316697772,0.08734899732546074,0.08976272813249402
601,0.08359080746832775,0.08561193166977715,0.08734899732546067,0.08976272813249395
602,0.08359080746832771,0.0856119316697773,0.08734899732546061,0.08976272813249386
603,0.08359080746832788,0.08561193166977725,0.08734899732546056,0.08976272813249403
604,0.08359080746832771,0.08561193166977714,0.0873489973254607,0.08976272813249392
605,0.08359080746832778,0.0856119316697772,0.08734899732546031,0.089762728132494
606,0.08359080746832785,0.08561193166977721,0.08734899732546057,0.08976272813249404
607,0.08359080746832791,0.08561193166977724,0.08734899732546038,0.08976272813249388
608,0.08359080746832788,0.08561193166977725,0.08734899732546063,0.08976272813249388
609,0.08359080746832805,0.08561193166977721,0.08734899732546032,0.08976272813249403
610,0.08359080746832802,0.08561193166977715,0.08734899732546049,0.08976272813249399
611,0.08359080746832773,0.08561193166977729,0.08734899732546042,0.08976272813249395
612,0.08359080746832803,0.08561193166977714,0.08734899732546055,0.08976272813249404
613,0.08359080746832791,0.0856119316697772,0.0873489973254604,0.08976272813249392
614,0.08359080746832778,0.08561193166977724,0.08734899732546068,0.08976272813249397
615,0.08359080746832805,0.08561193166977728,0.08734899732546031,0.08976272813249407
616,0.08359080746832782,0.08561193166977721,0.08734899732546053,0.08976272813249386
617,0.08359080746832781,0.08561193166977712,0.08734899732546052,0.08976272813249386
618,0.08359080746832781,0.08561193166977725,0.08734899732546048,0.08976272813249409
619,0.08359080746832777,0.08561193166977736,0.08734899732546027,0.08976272813249406
620,0.08359080746832791,0.08561193166977732,0.08734899732546049,0.08976272813249396
621,0.08359080746832777,0.0856119316697772,0.08734899732546035,0.08976272813249404
622,0.08359080746832769,0.08561193166977729,0.08734899732546038,0.08976272813249389
623,0.08359080746832784,0.08561193166977724,0.08734899732546035,0.08976272813249402
624,0.08359080746832785,0.0856119316697773,0.0873489973254605,0.089762728132494
625,0.0835908074683278,0.08561193166977725,0.08734899732546031,0.08976272813249413
626,0.08359080746832785,0.0856119316697772,0.08734899732546057,0.08976272813249404
627,0.08359080746832777,0.08561193166977717,0.0873489973254603,0.08976272813249396
628,0.08359080746832787,0.08561193166977722,0.08734899732546042,0.08976272813249399
629,0.08359080746832785,0.08561193166977707,0.08734899732546056,0.089762728132494
630,0.08359080746832791,0.08561193166977725,0.08734899732546036,0.08976272813249404
631,0.08359080746832774,0.08561193166977718,0.08734899732546053,0.08976272813249404
632,0.08359080746832774,0.08561193166977714,0.08734899732546049,0.08976272813249403
633,0.08359080746832792,0.08561193166977721,0.0873489973254604,0.08976272813249396
634,0.08359080746832785,0.08561193166977728,0.08734899732546043,0.08976272813249389
635,0.0835908074683279,0.08561193166977722,0.08734899732546036,0.08976272813249404
636,0.08359080746832774,0.08561193166977715,0.0873489973254604,0.08976272813249392
637,0.08359080746832787,0.08561193166977729,0.08734899732546043,0.08976272813249385
638,0.08359080746832791,0.08561193166977732,0.08734899732546048,0.08976272813249397
639,0.08359080746832777,0.08561193166977724,0.0873489973254604,0.0897627281324941
640,0.08359080746832787,0.08561193166977712,0.08734899732546042,0.08976272813249402
641,0.08359080746832782,0.0856119316697772,0.08734899732546045,0.08976272813249395
642,0.08359080746832771,0.08561193166977711,0.08734899732546034,0.08976272813249386
643,0.0835908074683278,0.08561193166977721,0.08734899732546064,0.089762728132494
644,0.08359080746832812,0.08561193166977744,0.0873489973254604,0.08976272813249375
645,0.08359080746832774,0.08561193166977721,0.0873489973254604,0.08976272813249372
646,0.08359080746832798,0.0856119316697776,0.08734899732546059,0.08976272813249371
647,0.08359080746832764,0.08561193166977746,0.08734899732546028,0.08976272813249365
648,0.08359080746832775,0.08561193166977762,0.08734899732546046,0.08976272813249378
649,0.08359080746832782,0.08561193166977735,0.0873489973254605,0.08976272813249386
650,0.08359080746832778,0.08561193166977737,0.08734899732546056,0.08976272813249371
651,0.08359080746832784,0.08561193166977739,0.0873489973254603,0.08976272813249389
652,0.08359080746832778,0.08561193166977749,0.08734899732546025,0.08976272813249395
653,0.08359080746832771,0.0856119316697774,0.0873489973254606,0.08976272813249368
654,0.08359080746832766,0.08561193166977756,0.0873489973254606,0.08976272813249374
655,0.08359080746832764,0.08561193166977725,0.08734899732546025,0.08976272813249374
656,0.08359080746832781,0.0856119316697774,0.08734899732546064,0.08976272813249364
657,0.08359080746832767,0.08561193166977743,0.08734899732546032,0.08976272813249377
658,0.08359080746832771,0.08561193166977757,0.08734899732546036,0.08976272813249357
659,0.08359080746832771,0.0856119316697776,0.08734899732546063,0.0897627281324936
660,0.0835908074683277,0.08561193166977747,0.08734899732546067,0.08976272813249375
661,0.08359080746832762,0.08561193166977749,0.08734899732546056,0.08976272813249397
662,0.08359080746832777,0.08561193166977762,0.08734899732546052,0.08976272813249374
663,0.08359080746832777,0.0856119316697775,0.08734899732546061,0.08976272813249381
664,0.08359080746832769,0.0856119316697774,0.08734899732546017,0.08976272813249385
665,0.08359080746832784,0.08561193166977743,0.0873489973254604,0.08976272813249364
666,0.08359080746832782,0.08561193166977756,0.08734899732546024,0.08976272813249357
667,0.0835908074683278,0.08561193166977729,0.08734899732546028,0.08976272813249361
668,0.08359080746832799,0.08561193166977754,0.08734899732546036,0.0897627281324939
669,0.08359080746832798,0.08561193166977732,0.08734899732546059,0.08976272813249375
670,0.08359080746832781,0.08561193166977718,0.0873489973254602,0.08976272813249388
671,0.08359080746832764,0.08561193166977746,0.0873489973254605,0.08976272813249393
672,0.08359080746832767,0.08561193166977743,0.08734899732546048,0.0897627281324937
673,0.08359080746832798,0.08561193166977746,0.08734899732546061,0.08976272813249384
674,0.08359080746832795,0.08561193166977728,0.08734899732546031,0.08976272813249375
675,0.08359080746832778,0.08561193166977729,0.08734899732546025,0.0897627281324937
676,0.08359080746832762,0.08561193166977733,0.08734899732546025,0.0897627281324937
677,0.08359080746832787,0.08561193166977726,0.08734899732546018,0.08976272813249359
678,0.08359080746832773,0.08561193166977737,0.08734899732546017,0.08976272813249364
679,0.08359080746832788,0.08561193166977728,0.08734899732546043,0.0897627281324939
680,0.08359080746832792,0.08561193166977732,0.08734899732546025,0.08976272813249361
681,0.08359080746832799,0.08561193166977742,0.08734899732546056,0.0897627281324936
682,0.08359080746832787,0.08561193166977728,0.08734899732546032,0.08976272813249378
683,0.0835908074683279,0.08561193166977739,0.08734899732546023,0.08976272813249389
684,0.08359080746832788,0.08561193166977757,0.08734899732546038,0.08976272813249365
685,0.08359080746832798,0.08561193166977732,0.08734899732546039,0.08976272813249384
686,0.08359080746832785,0.08561193166977764,0.08734899732546035,0.08976272813249382
687,0.08359080746832784,0.08561193166977726,0.08734899732546032,0.08976272813249359
688,0.08359080746832774,0.08561193166977722,0.0873489973254605,0.08976272813249388
689,0.0835908074683278,0.08561193166977725,0.08734899732546064,0.08976272813249367
690,0.08359080746832777,0.08561193166977762,0.08734899732546035,0.08976272813249372
691,0.08359080746832796,0.08561193166977737,0.08734899732546043,0.08976272813249392
692,0.0835908074683279,0.08561193166977732,0.08734899732546028,0.08976272813249365
693,0.08359080746832784,0.08561193166977762,0.08734899732546057,0.08976272813249372
694,0.08359080746832767,0.08561193166977762,0.08734899732546023,0.08976272813249384
695,0.08359080746832796,0.0856119316697776,0.08734899732546031,0.0897627281324939
696,0.08359080746832784,0.08561193166977726,0.08734899732546025,0.08976272813249363
697,0.08359080746832796,0.08561193166977736,0.08734899732546025,0.08976272813249375
698,0.08359080746832798,0.08561193166977749,0.08734899732546028,0.08976272813249361
699,0.08359080746832778,0.08561193166977728,0.08734899732546028,0.08976272813249384
700,0.08359080746832756,0.08561193166977751,0.08734899732546031,0.08976272813249386
701,0.08359080746832769,0.08561193166977732,0.08734899732546042,0.08976272813249386
702,0.0835908074683279,0.08561193166977737,0.0873489973254606,0.0897627281324937
703,0.08359080746832767,0.08561193166977735,0.08734899732546045,0.08976272813249389
704,0.08359080746832767,0.0856119316697773,0.0873489973254603,0.08976272813249364
705,0.08359080746832781,0.08561193166977735,0.08734899732546034,0.0897627281324939
706,0.08359080746832769,0.08561193166977729,0.08734899732546061,0.08976272813249384
707,0.083590807468328,0.08561193166977767,0.0873489973254602,0.08976272813249365
708,0.08359080746832756,0.08561193166977737,0.08734899732546036,0.0897627281324937
709,0.08359080746832777,0.0856119316697773,0.0873489973254603,0.08976272813249363
710,0.08359080746832775,0.08561193166977746,0.08734899732546023,0.08976272813249367
711,0.08359080746832785,0.08561193166977742,0.0873489973254603,0.08976272813249374
712,0.08359080746832781,0.08561193166977742,0.0873489973254603,0.08976272813249384
713,0.08359080746832755,0.08561193166977721,0.08734899732546053,0.08976272813249397
714,0.08359080746832795,0.08561193166977754,0.08734899732546053,0.08976272813249386
715,0.08359080746832792,0.08561193166977765,0.08734899732546042,0.08976272813249353
716,0.08359080746832755,0.08561193166977721,0.0873489973254602,0.08976272813249397
717,0.08359080746832781,0.08561193166977742,0.08734899732546063,0.0897627281324935
718,0.08359080746832767,0.08561193166977736,0.08734899732546068,0.0897627281324938
719,0.08359080746832785,0.0856119316697774,0.08734899732546028,0.08976272813249395
720,0.0835908074683276,0.08561193166977735,0.08734899732546034,0.08976272813249367
721,0.0835908074683279,0.0856119316697774,0.08734899732546039,0.0897627281324935
722,0.08359080746832753,0.08561193166977757,0.08734899732546034,0.08976272813249378
723,0.08359080746832762,0.08561193166977729,0.0873489973254605,0.08976272813249384
724,0.08359080746832781,0.08561193166977746,0.08734899732546067,0.089762728132494
725,0.08359080746832756,0.08561193166977718,0.08734899732546017,0.08976272813249372
726,0.083590807468328,0.08561193166977764,0.08734899732546053,0.08976272813249352
727,0.0835908074683277,0.08561193166977732,0.08734899732546042,0.08976272813249386
728,0.08359080746832782,0.08561193166977746,0.08734899732546067,0.089762728132494
729,0.08359080746832774,0.08561193166977736,0.08734899732546035,0.08976272813249368
730,0.08359080746832787,0.08561193166977749,0.08734899732546025,0.08976272813249381
731,0.08359080746832767,0.08561193166977729,0.08734899732546039,0.08976272813249372
732,0.08359080746832791,0.08561193166977753,0.08734899732546018,0.08976272813249363
733,0.0835908074683277,0.08561193166977732,0.08734899732546053,0.08976272813249353
734,0.08359080746832794,0.08561193166977757,0.08734899732546034,0.08976272813249389
735,0.08359080746832774,0.08561193166977736,0.08734899732546046,0.0897627281324938
736,0.08359080746832787,0.08561193166977749,0.08734899732546025,0.08976272813249347
737,0.0835908074683279,0.08561193166977751,0.0873489973254605,0.08976272813249361
738,0.08359080746832757,0.0856119316697772,0.0873489973254604,0.08976272813249396
739,0.0835908074683277,0.08561193166977732,0.08734899732546053,0.08976272813249364
740,0.08359080746832782,0.08561193166977746,0.08734899732546023,0.08976272813249378
741,0.08359080746832796,0.08561193166977758,0.08734899732546057,0.08976272813249357
742,0.08359080746832809,0.08561193166977771,0.08734899732546048,0.08976272813249347
743,0.08359080746832767,0.08561193166977728,0.08734899732546016,0.08976272813249393
744,0.0835908074683278,0.0856119316697774,0.08734899732546039,0.08976272813249372
745,0.0835908074683277,0.08561193166977732,0.0873489973254602,0.08976272813249397
746,0.08359080746832781,0.08561193166977743,0.08734899732546042,0.08976272813249364
747,0.08359080746832759,0.08561193166977721,0.0873489973254602,0.08976272813249397
748,0.0835908074683277,0.08561193166977732,0.0873489973254602,0.08976272813249397
749,0.08359080746832781,0.08561193166977743,0.0873489973254602,0.08976272813249397
750,0.08359080746832781,0.08561193166977743,0.08734899732546042,0.08976272813249375
751,0.08359080746832803,0.08561193166977765,0.08734899732546064,0.08976272813249375
752,0.08359080746832803,0.08561193166977765,0.08734899732546064,0.08976272813249375
753,0.08359080746832781,0.08561193166977743,0.08734899732546031,0.08976272813249386
754,0.08359080746832792,0.08561193166977754,0.08734899732546053,0.08976272813249364
755,0.08359080746832781,0.08561193166977743,0.08734899732546042,0.08976272813249353
756,0.08359080746832803,0.08561193166977765,0.08734899732546064,0.08976272813249375
757,0.08359080746832792,0.08561193166977754,0.08734899732546053,0.08976272813249353
758,0.08359080746832803,0.08561193166977765,0.08734899732546064,0.08976272813249375
759,0.08359080746832792,0.08561193166977754,0.08734899732546053,0.08976272813249364
760,0.08359080746832759,0.08561193166977721,0.0873489973254602,0.08976272813249353
761,0.08359080746832792,0.08561193166977754,0.08734899732546053,0.08976272813249397
762,0.0835908074683277,0.08561193166977732,0.08734899732546031,0.08976272813249386
763,0.08359080746832781,0.08561193166977743,0.08734899732546042,0.08976272813249386
764,0.0835908074683277,0.08561193166977732,0.08734899732546031,0.08976272813249375
765,0.08359080746832792,0.08561193166977754,0.08734899732546053,0.08976272813249353
766,0.08359080746832781,0.08561193166977743,0.08734899732546042,0.08976272813249386
767,0.0835908074683277,0.08561193166977732,0.08734899732546031,0.08976272813249364
768,0.0835908074683277,0.08561193166977732,0.08734899732546031,0.08976272813249375
769,0.08359080746832792,0.08561193166977754,0.08734899732546053,0.08840378855184039
770,0.08359080746832781,0.08561193166977743,0.08574449818341578,0.0857444981834159
771,0.08308605919214895,0.08308605919214895,0.08308605919214884,0.08308605919214895
772,0.08024568007310517,0.08024568007310517,0.08024568007310517,0.08024568007310529
773,0.07738646487875012,0.07738646487875012,0.07738646487875012,0.07738646487875023
774,0.0745281606774082,0.0745281606774082,0.0745281606774082,0.0745281606774082
775,0.07151220454609208,0.07151220454609208,0.07151220454609208,0.07151220454609208
776,0.06842266456425572,0.06842266456425572,0.06842266456425572,0.06842266456425583
777,0.06533409485766262,0.06533409485766262,0.06533409485766262,0.06533409485766262
778,0.062124432846141,0.062124432846141,0.062124432846141,0.06212443284614122
779,0.058770099761335404,0.058770099761335404,0.058770099761335404,0.058770099761335404
780,0.08359080746832759,0.021216678174569292,0.080242123798138,0.08750837024597002
781,0.051994168421804376,0.051994168421804376,0.051994168421804154,0.051994168421804376
782,0.04833599401045763,0.04833599401045763,0.04833599401045752,0.04833599401045763
783,0.044678907274194435,0.044678907274194435,0.044678907274194435,0.044678907274194546
784,0.04102292761110271,0.04102292761110271,0.04102292761110271,0.04102292761110282
785,0.03701682454731203,0.03701682454731203,0.03701682454731192,0.03701682454731203
786,0.03301178090769352,0.03301178090769352,0.03301178090769352,0.03301178090769352
787,0.029007902216623638,0.029007902216623638,0.029007902216623638,0.029007902216623638
788,0.024697348366320093,0.024697348366320093,0.024697348366320093,0.024697348366320093
789,0.02029447558133579,0.02029447558133579,0.02029447558133579,0.02029447558133579
790,0.015892825110748077,0.015892825110748077,0.015892825110748077,0.015892825110748077
791,0.011249651280153983,0.011249651280153983,0.011249651280153983,0.011249651280153983
792,0.00639279071151444,0.00639279071151444,0.00639279071151444,0.00639279071151444
793,0.0015372092737294674,0.0015372092737294674,0.0015372092737294674,0.0015372092737294674
794,-0.0034677388654914543,-0.0034677388654914543,-0.0034677388654914543,-0.0034677388654914543
795,-0.00884161693934049,-0.00884161693934049,-0.00884161693934049,-0.00884161693934049
796,-0.014214159654795333,-0.014214159654795333,-0.014214159654795444,-0.014214159654795444
797,-0.0196106194924357,-0.0196106194924357,-0.0196106194924357,-0.0196106194924357
798,-0.02557196784457272,-0.02557196784457272,-0.02557196784457272,-0.02557196784457272
799,-0.03153192523887205,-0.03153192523887205,-0.03153192523887216,-0.03153192523887216
800,-0.0374904732884791,-0.0374904732884791,-0.0374904732884791,-0.0374904732884791
801,-0.043976859308373584,-0.043976859308373584,-0.043976859308373584,-0.043976859308373584
802,-0.05060258371967408,-0.05060258371967408,-0.05060258371967408,-0.05060258371967408
803,-0.05722684408457912,-0.05722684408457912,-0.05722684408457912,-0.05722684408457912
804,-0.06425041934873454,-0.06425041934873454,-0.06425041934873454,-0.06425041934873454
805,-0.07162849853237652,-0.07162849853237652,-0.07162849853237652,-0.07162849853237652
806,-0.07900505968590832,-0.07900505968590832,-0.07900505968590832,-0.07900505968590832
807,-0.08660197723267882,-0.08660197723267882,-0.08660197723267882,-0.08660197723267882
808,-0.09482734056665842,-0.09482734056665842,-0.09482734056665842,-0.09482734056665842
809,-0.10305113264261667,-0.10305113264261667,-0.10305113264261667,-0.10305113264261678
810,-0.111273335892344,-0.111273335892344,-0.11127333589234412,-0.11127333589234412
811,-0.11750113267851314,-0.11750113267851314,-0.11750113267851325,-0.11750113267851325
812,-0.12368848575472191,-0.12368848575472191,-0.12368848575472202,-0.12368848575472202
813,-0.12987419784255483,-0.12987419784255483,-0.12987419784255483,-0.12987419784255483
814,-0.13181465520914348,-0.13181465520914348,-0.13181465520914348,-0.13181465520914348
815,-0.13184019900643695,-0.13184019900643695,-0.13184019900643695,-0.13184019900643695
816,-0.13186405049542205,-0.13186405049542205,-0.13186405049542205,-0.13186405049542205
817,-0.1318861927611652,-0.1318861927611652,-0.1318861927611652,-0.1318861927611652
818,-0.13190660898835316,-0.13190660898835316,-0.13190660898835327,-0.13190660898835327
819,-0.13192528246570168,-0.13192528246570168,-0.1319252824657018,-0.1319252824657018
820,-0.13194219658073558,-0.13194219658073558,-0.1319421965807357,-0.1319421965807357
821,-0.1319573348237414,-0.1319573348237414,-0.1319573348237414,-0.1319573348237414
822,-0.13197068078942975,-0.13197068078942975,-0.13197068078942975,-0.13197068078942975
823,-0.13198221817784672,-0.13198221817784672,-0.13198221817784683,-0.13198221817784683
824,-0.13199193079576255,-0.13199193079576255,-0.13199193079576266,-0.13199193079576266
825,-0.13199980255801924,-0.13199980255801924,-0.13199980255801924,-0.13199980255801935
826,-0.13200581748875084,-0.13200581748875084,-0.13200581748875095,-0.13200581748875095
827,-0.13200995972263996,-0.13200995972263996,-0.13200995972264007,-0.13200995972264007
828,-0.13201221350618997,-0.13201221350618997,-0.13201221350618997,-0.13201221350618997
829,-0.1320125631989828,-0.1320125631989828,-0.1320125631989829,-0.1320125631989829
830,-0.13201099327489874,-0.13201099327489874,-0.13201099327489885,-0.13201099327489885
831,-0.13200748832335174,-0.13200748832335174,-0.13200748832335185,-0.13200748832335196
832,-0.13200203305053215,-0.13200203305053215,-0.13200203305053226,-0.13200203305053226
833,-0.13199461228060538,-0.13199461228060538,-0.1319946122806055,-0.1319946122806055
834,-0.13198521095692373,-0.13198521095692373,-0.13198521095692384,-0.13198521095692395
835,-0.13197381414323217,-0.13197381414323217,-0.13197381414323228,-0.1319738141432324
836,-0.13196040702485778,-0.13196040702485778,-0.131960407024858,-0.13196040702485812
837,-0.1319449749098921,-0.1319449749098921,-0.13194497490989232,-0.13194497490989232
838,-0.13192750323036595,-0.13192750323036595,-0.13192750323036617,-0.13192750323036628
839,-0.13190797754342054,-0.13190797754342054,-0.13190797754342087,-0.13190797754342098
840,-0.14086491012169056,-0.1537473024003686,-0.14780251712782744,-0.10998155039661772
841,-0.1318627070083097,-0.1318627070083097,-0.13186270700831004,-0.13186270700830993
842,-0.131836933910344,-0.131836933910344,-0.131836933910345,-0.13183693391034557
843,-0.13180905030762813,-0.13180905030762813,-0.13180905030762968,-0.1318090503076309
844,-0.1317790424000379,-0.1317790424000379,-0.13177904240004013,-0.131779042400042
845,-0.1330642520934333,-0.1330642520934333,-0.13293081034683973,-0.13263958413013965
846,-0.1371833443713545,-0.1371833443713545,-0.13786826053075352,-0.13851318338874885
847,-0.1413002717399925,-0.1413002717399925,-0.14280354580538412,-0.14438461773807487
848,-0.14541502093351744,-0.14541502093351744,-0.14773665290490168,-0.15025387391228795
849,-0.15115681902166356,-0.15115681902166356,-0.15381759726021282,-0.15683105174494372
850,-0.15999173235366682,-0.15999173235366682,-0.16272715286881634,-0.1658215583903775
851,-0.16882442853506852,-0.16882442853506852,-0.1716344913268184,-0.1748098478852098
852,-0.17765489485156793,-0.17765489485156793,-0.1805395999199182,-0.18379590751513997
853,-0.1855569428584537,-0.1855569428584537,-0.18860644328316045,-0.1920484279156801
854,-0.19136311548422613,-0.19136311548422613,-0.19442224361509186,-0.19787221222560236
855,-0.19716702094932714,-0.19716702094932714,-0.20023577678635185,-0.2036937293748532
856,-0.20296864710761264,-0.20296864710761264,-0.20604703065079644,-0.2095129672172884
857,-0.2083495475901027,-0.2083495475901027,-0.21148549200601507,-0.215015180712957
858,-0.21113949701450174,-0.21113949701450174,-0.21422048450684394,-0.21768564905028753
859,-0.21392713156498333,-0.21392713156498333,-0.21695316213375526,-0.22035380251370051
860,-0.21671243967955967,-0.21671243967955967,-0.21968351332476144,-0.22301962954120835
861,-0.21949540994470607,-0.21949540994470607,-0.22241152666633768,-0.22568311871928626
862,-0.22009189039059318,-0.22009189039059318,-0.22292480127214287,-0.22610081239586843
863,-0.21996865208169114,-0.21996865208169114,-0.2226870641205948,-0.22573179238012575
864,-0.219843042583015,-0.219843042583015,-0.22244695577927254,-0.22536040117460898
865,-0.21971505108428946,-0.21971505108428946,-0.22220446543790084,-0.22498662796904267
866,-0.21958466692834666,-0.21958466692834666,-0.2219595824393119,-0.22461046210625923
867,-0.2153585894091612,-0.2153585894091612,-0.21729034013820958,-0.21944655946314628
868,-0.21113009265071414,-0.21113009265071414,-0.21261867813771274,-0.21428023661190976
869,-0.2068991721911183,-0.2068991721911183,-0.20794459243606722,-0.20911149005952456
870,-0.20266581799450678,-0.20266581799450678,-0.2032680729974059,-0.20394030977012356
871,-0.19843002018249978,-0.19843002018249978,-0.1985891099433491,-0.1987666858653271
872,-0.19379109257211347,-0.19379109257211347,-0.1937910925721138,-0.19379109257211413
873,-0.18892531267988677,-0.18892531267988677,-0.18892531267988721,-0.18892531267988733
874,-0.18405706049043602,-0.18405706049043602,-0.18405706049043635,-0.18405706049043646
875,-0.1791863267636602,-0.1791863267636602,-0.17918632676366053,-0.17918632676366053
876,-0.17431310242105325,-0.17431310242105325,-0.17431310242105358,-0.17431310242105347
877,-0.16943737854649354,-0.16943737854649354,-0.16943737854649388,-0.16943737854649366
878,-0.16510654612979292,-0.16510654612979292,-0.16510654612979303,-0.16510654612979292
879,-0.16215143051144465,-0.16215143051144465,-0.16215143051144487,-0.16215143051144476
880,-0.15919378959479535,-0.15919378959479535,-0.15919378959479547,-0.15919378959479547
881,-0.15623361512091594,-0.15623361512091594,-0.15623361512091605,-0.15623361512091594
882,-0.15327089899703283,-0.15327089899703283,-0.15327089899703294,-0.15327089899703283
883,-0.15030563329724667,-0.15030563329724667,-0.15030563329724667,-0.15030563329724667
884,-0.14733781026324388,-0.14733781026324388,-0.14733781026324388,-0.14733781026324388
885,-0.14436742230498978,-0.14436742230498978,-0.1443674223049899,-0.14436742230498978
886,-0.14139446200141714,-0.14139446200141714,-0.14139446200141714,-0.14139446200141714
887,-0.14061428445438007,-0.14061428445438007,-0.14061428445438007,-0.14061428445438007
888,-0.13983152286390577,-0.13983152286390577,-0.13983152286390577,-0.13983152286390577
889,-0.13904616768537914,-0.13904616768537914,-0.13904616768537914,-0.13904616768537914
890,-0.13825821218021295,-0.13825821218021295,-0.13825821218021295,-0.13825821218021295
891,-0.13746764978203507,-0.13746764978203507,-0.13746764978203507,-0.13746764978203507
892,-0.1366744740973025,-0.1366744740973025,-0.1366744740973025,-0.1366744740973025
893,-0.13587867890590366,-0.13587867890590366,-0.13587867890590366,-0.13587867890590366
894,-0.13508025816175018,-0.13508025816175018,-0.13508025816175018,-0.13508025816175018
895,-0.1342792059933524,-0.1342792059933524,-0.1342792059933524,-0.1342792059933524
896,-0.1334755167043885,-0.1334755167043885,-0.1334755167043885,-0.1334755167043885
897,-0.13266918477425527,-0.13266918477425527,-0.13266918477425527,-0.13266918477425527
898,-0.13186020485861227,-0.13186020485861227,-0.13186020485861227,-0.13186020485861227
899,-0.1310485717899098,-0.1310485717899098,-0.1310485717899098,-0.1310485717899098
900,-0.09594868876793805,-0.10081110159196205,-0.12014170637579757,-0.16694791063303194
901,-0.12941732641017922,-0.12941732641017922,-0.12941732641017922,-0.12941732641017922
902,-0.12859770465260267,-0.12859770465260267,-0.12859770465260267,-0.12859770465260267
903,-0.1277754108498439,-0.1277754108498439,-0.1277754108498439,-0.1277754108498439
904,-0.12695044072582207,-0.12695044072582207,-0.12695044072582207,-0.12695044072582207
905,-0.12612279018416694,-0.12612279018416694,-0.12612279018416694,-0.12612279018416694
906,-0.12529245530865973,-0.12529245530865973,-0.12529245530865973,-0.12529245530865973
907,-0.1251072242113469,-0.1251072242113469,-0.1251072242113469,-0.1251072242113469
908,-0.1249193014899116,-0.1249193014899116,-0.1249193014899116,-0.1249193014899116
909,-0.12472868377112545,-0.12472868377112545,-0.12472868377112545,-0.12472868377112545
910,-0.12453536786355734,-0.12453536786355734,-0.12453536786355734,-0.12453536786355734
911,-0.12433935075795666,-0.12433935075795666,-0.12433935075795666,-0.12433935075795666
912,-0.1241406296276173,-0.1241406296276173,-0.1241406296276173,-0.1241406296276173
913,-0.12393920182873508,-0.12393920182873508,-0.12393920182873508,-0.12393920182873508
914,-0.12373506490074804,-0.12373506490074804,-0.12373506490074804,-0.12373506490074804
915,-0.12352821656666646,-0.12352821656666646,-0.12352821656666646,-0.12352821656666646
916,-0.12331865473338921,-0.12331865473338921,-0.12331865473338921,-0.12331865473338921
917,-0.12310637749200837,-0.12310637749200837,-0.12310637749200837,-0.12310637749200837
918,-0.12289138311809755,-0.12289138311809755,-0.12289138311809755,-0.12289138311809755
919,-0.12267367007199359,-0.12267367007199359,-0.12267367007199359,-0.12267367007199359
920,-0.12245323699905919,-0.12245323699905919,-0.12245323699905919,-0.12245323699905919
921,-0.12223008272993618,-0.12223008272993618,-0.12223008272993618,-0.12223008272993618
922,-0.12200420628078512,-0.12200420628078512,-0.12200420628078512,-0.12200420628078512
923,-0.12177560685351196,-0.12177560685351196,-0.12177560685351196,-0.12177560685351196
924,-0.12154428383598204,-0.12154428383598204,-0.12154428383598204,-0.12154428383598204
925,-0.12131023680221942,-0.12131023680221942,-0.12131023680221942,-0.12131023680221942
926,-0.12107346551259646,-0.12107346551259646,-0.12107346551259646,-0.12107346551259646
927,-0.12083396991400808,-0.12083396991400808,-0.12083396991400808,-0.12083396991400808
928,-0.12059175014003387,-0.12059175014003387,-0.12059175014003387,-0.12059175014003387
929,-0.12034680651108542,-0.12034680651108542,-0.12034680651108542,-0.12034680651108542
930,-0.12009913953454543,-0.12009913953454543,-0.12009913953454543,-0.12009913953454543
931,-0.11984874990488659,-0.11984874990488659,-0.11984874990488659,-0.11984874990488659
932,-0.1195956385037854,-0.1195956385037854,-0.1195956385037854,-0.1195956385037854
933,-0.11933980640021602,-0.11933980640021602,-0.11933980640021602,-0.11933980640021602
934,-0.11908125485053578,-0.11908125485053578,-0.11908125485053578,-0.11908125485053578
935,-0.11881998529855475,-0.11881998529855475,-0.11881998529855475,-0.11881998529855475
936,-0.11855599937559524,-0.11855599937559524,-0.11855599937559524,-0.11855599937559524
937,-0.11828929890053441,-0.11828929890053441,-0.11828929890053441,-0.11828929890053441
938,-0.11801988587983736,-0.11801988587983736,-0.11801988587983736,-0.11801988587983736
939,-0.11774776250757446,-0.11774776250757446,-0.11774776250757446,-0.11774776250757446
940,-0.11747293116542845,-0.11747293116542845,-0.11747293116542845,-0.11747293116542845
941,-0.117195394422685,-0.117195394422685,-0.117195394422685,-0.117195394422685
942,-0.11691515503621319,-0.11691515503621319,-0.11691515503621319,-0.11691515503621319
943,-0.11663221595043205,-0.11663221595043205,-0.11663221595043205,-0.11663221595043205
944,-0.11634658029726275,-0.11634658029726275,-0.11634658029726275,-0.11634658029726275
945,-0.11605825139606973,-0.11605825139606973,-0.11605825139606973,-0.11605825139606973
946,-0.11576723275358614,-0.11576723275358614,-0.11576723275358614,-0.11576723275358614
947,-0.11547352806383115,-0.11547352806383115,-0.11547352806383115,-0.11547352806383115
948,-0.11517714120800693,-0.11517714120800693,-0.11517714120800693,-0.11517714120800693
949,-0.11487807625438962,-0.11487807625438962,-0.11487807625438962,-0.11487807625438962
950,-0.11457633745820239,-0.11457633745820239,-0.11457633745820239,-0.11457633745820239
951,-0.11427192926147889,-0.11427192926147889,-0.11427192926147889,-0.11427192926147889
952,-0.11396485629291042,-0.11396485629291042,-0.11396485629291042,-0.11396485629291042
953,-0.1136551233676828,-0.1136551233676828,-0.1136551233676828,-0.1136551233676828
954,-0.11334273548729956,-0.11334273548729956,-0.11334273548729956,-0.11334273548729956
955,-0.1130276978393906,-0.1130276978393906,-0.1130276978393906,-0.1130276978393906
956,-0.11271001579750961,-0.11271001579750961,-0.11271001579750961,-0.11271001579750961
957,-0.11238969492091822,-0.11238969492091822,-0.11238969492091822,-0.11238969492091822
958,-0.11206674095435698,-0.11206674095435698,-0.11206674095435698,-0.11206674095435698
959,-0.11174115982780253,-0.11174115982780253,-0.11174115982780253,-0.11174115982780253
960,-0.08710088682629069,-0.08905229516810953,-0.1299666822435347,-0.13884184157978496
961,-0.11108214073926193,-0.11108214073926193,-0.11108214073926193,-0.11108214073926193
962,-0.11074871556105581,-0.11074871556105581,-0.11074871556105581,-0.11074871556105581
963,-0.11041268878983823,-0.11041268878983823,-0.11041268878983823,-0.11041268878983823
964,-0.1100740672776872,-0.1100740672776872,-0.1100740672776872,-0.1100740672776872
965,-0.1110502136342536,-0.1110502136342536,-0.1110502136342536,-0.1110502136342536
966,-0.1148598135970188,-0.1148598135970188,-0.1148598135970188,-0.1148598135970188
967,-0.11866684047482767,-0.11866684047482767,-0.11866684047482767,-0.11866684047482767
968,-0.12247130185177035,-0.12247130185177035,-0.12247130185177035,-0.12247130185177035
969,-0.12790244569331954,-0.12790244569331954,-0.12790244569331954,-0.12790244569331954
970,-0.13642635928881874,-0.13642635928881874,-0.13642635928881874,-0.13642635928881874
971,-0.14494773122683025,-0.14494773122683025,-0.14494773122683025,-0.14494773122683025
972,-0.15346656981753093,-0.15346656981753093,-0.15346656981753093,-0.15346656981753093
973,-0.16105670768068292,-0.16105670768068292,-0.16105670768068292,-0.16105670768068292
974,-0.166550708847793,-0.166550708847793,-0.166550708847793,-0.166550708847793
975,-0.1720422026793772,-0.1720422026793772,-0.1720422026793772,-0.1720422026793772
976,-0.17753119820496166,-0.17753119820496166,-0.17753119820496166,-0.17753119820496166
977,-0.1825992702653647,-0.1825992702653647,-0.1825992702653647,-0.1825992702653647
978,-0.18507621472074054,-0.18507621472074054,-0.18507621472074054,-0.18507621472074054
979,-0.18755068902888905,-0.18755068902888905,-0.18755068902888905,-0.18755068902888905
980,-0.19002270293114598,-0.19002270293114598,-0.19002270293114598,-0.19002270293114598
981,-0.19249226634552563,-0.19249226634552563,-0.19249226634552563,-0.19249226634552563
982,-0.19277524866047302,-0.19277524866047302,-0.19277524866047302,-0.19277524866047302
983,-0.1923384423239789,-0.1923384423239789,-0.1923384423239789,-0.1923384423239789
984,-0.19189921630834128,-0.19189921630834128,-0.19189921630834128,-0.19189921630834128
985,-0.19145758123284062,-0.19145758123284062,-0.19145758123284062,-0.19145758123284062
986,-0.19101354789064695,-0.19101354789064695,-0.19101354789064695,-0.19101354789064695
987,-0.1864738370453628,-0.1864738370453628,-0.1864738370453628,-0.1864738370453628
988,-0.1819317443083941,-0.1819317443083941,-0.1819317443083941,-0.1819317443083941
989,-0.17738728672158055,-0.17738728672158055,-0.17738728672158055,-0.17738728672158055
990,-0.1728404757675872,-0.1728404757675872,-0.1728404757675872,-0.1728404757675872
991,-0.1682913230998757,-0.1682913230998757,-0.1682913230998757,-0.1682913230998757
992,-0.16333916407911275,-0.16333916407911275,-0.16333916407911275,-0.16333916407911275
993,-0.15816029777579899,-0.15816029777579899,-0.15816029777579899,-0.15816029777579899
994,-0.1529791257373232,-0.1529791257373232,-0.1529791257373232,-0.1529791257373232
995,-0.14779566029366564,-0.14779566029366564,-0.14779566029366564,-0.14779566029366564
996,-0.14260991394221034,-0.14260991394221034,-0.14260991394221034,-0.14260991394221034
997,-0.13742189934703142,-0.13742189934703142,-0.13742189934703142,-0.13742189934703142
998,-0.13277902908093897,-0.13277902908093897,-0.13277902908093897,-0.13277902908093897
999,-0.12951215006872496,-0.12951215006872496,-0.12951215006872496,-0.12951215006872496
1000,-0.12624304179783286,-0.12624304179783286,-0.12624304179783286,-0.12624304179783286
1001,-0.12297171759172365,-0.12297171759172365,-0.12297171759172365,-0.12297171759172365
1002,-0.119698190936804,-0.119698190936804,-0.119698190936804,-0.119698190936804
1003,-0.1164224754816432,-0.1164224754816432,-0.1164224754816432,-0.1164224754816432
1004,-0.11314458503617952,-0.11314458503617952,-0.11314458503617952,-0.11314458503617952
1005,-0.10986453357091241,-0.10986453357091241,-0.10986453357091241,-0.10986453357091241
1006,-0.10658233521608773,-0.10658233521608773,-0.10658233521608773,-0.10658233521608773
1007,-0.1054933666141511,-0.1054933666141511,-0.1054933666141511,-0.1054933666141511
1008,-0.10440228249349615,-0.10440228249349615,-0.10440228249349615,-0.10440228249349615
1009,-0.10330909482415096,-0.10330909482415096,-0.10330909482415096,-0.10330909482415096
1010,-0.10221381836694698,-0.10221381836694698,-0.10221381836694698,-0.10221381836694698
1011,-0.10111646803820795,-0.10111646803820795,-0.10111646803820795,-0.10111646803820795
1012,-0.10001705890886714,-0.10001705890886714,-0.10001705890886714,-0.10001705890886714
1013,-0.09891560620357143,-0.09891560620357143,-0.09891560620357143,-0.09891560620357143
1014,-0.09781212529977878,-0.09781212529977878,-0.09781212529977878,-0.09781212529977878
1015,-0.09670663172683902,-0.09670663172683902,-0.09670663172683902,-0.09670663172683902
1016,-0.09559914116507073,-0.09559914116507073,-0.09559914116507073,-0.09559914116507073
1017,-0.09448966944482162,-0.09448966944482162,-0.09448966944482162,-0.09448966944482162
1018,-0.09337823254552235,-0.09337823254552235,-0.09337823254552235,-0.09337823254552235
1019,-0.09226484659472711,-0.09226484659472711,-0.09226484659472711,-0.09226484659472711
1020,-0.09941358776677334,-0.12816094195170868,-0.05750493560424319,-0.07505107121118382
1021,-0.09003229278366676,-0.09003229278366676,-0.09003229278366676,-0.09003229278366676
1022,-0.08891315791036314,-0.08891315791036314,-0.08891315791036314,-0.08891315791036314
1023,-0.08779213995749802,-0.08779213995749802,-0.08779213995749802,-0.08779213995749802
1024,-0.08666925577851314,-0.08666925577851314,-0.08666925577851314,-0.08666925577851314
1025,-0.08554452236900889,-0.08554452236900889,-0.08554452236900889,-0.08554452236900889
1026,-0.0844179568657154,-0.0844179568657154,-0.0844179568657154,-0.0844179568657154
1027,-0.08393736839313481,-0.08393736839313481,-0.08393736839313481,-0.08393736839313481
1028,-0.08345498251944583,-0.08345498251944583,-0.08345498251944583,-0.08345498251944583
